idx	v_val	p_in	v_vec	time
0	0.0656247295399383	[0.01, 0.1, 0.0]	"[0.00000000e+00 2.35112323e-17 3.77845628e-17 0.00000000e+00
 1.00000000e+00 3.25532016e-16 0.00000000e+00]"	5.599200487136841
